{"score": 2.9999999152489687e-09, "genome": {"crossover_rate": 0.25569708880743697, "hidden_size": 63.66499581915123, "caos_plus_weight": 1.1367627751249327, "linf_threshold": 0.04545735428229599, "entropy": -0.4955333050201644, "maml_adaptation_steps": 5.0, "mutation_rate": 0.14801689162830553, "learning_rate": 0.11188038918187403, "meta_learning_rate": -0.046413729656860025, "g850995": 0.3134842039157719, "population_size": 49.889017377272864, "auto_coding_freq": 20.0590983556805, "survival_rate": 0.4028928554316602, "ppo_clip": 0.4293746194693571, "curiosity_weight": 0.24936593245972863, "ppo_epochs": 2.0}, "behavior": [100.0, 0.24609375], "ts": 1759703664}