{"cartpole_avg": 23.399999999999995, "objective": 0.04679999999999999, "seeds": [0, 1, 2]}