{
  "cycle": 2,
  "champion": {
    "genome": {
      "learning_rate": 0.008567645438049954,
      "num_layers": 3.583039379066256,
      "g687713": 0.0,
      "batch_size": 256.0,
      "hidden_size": 81.0,
      "dropout": 0.46370168718085325
    },
    "score": 0.803464369773909
  },
  "population_size": 50,
  "archive_size": 34,
  "timestamp": 1759695577.0808802,
  "reason": "emergency"
}