{
  "system_start_time": "2025-09-25 17:09:53.872662",
  "total_cycles": 149400,
  "real_learning_events": 711297,
  "evolution_events": 29932,
  "reinforcement_events": 74284,
  "neural_processing_events": 607081,
  "emergence_detected": 0,
  "intelligence_score": 0.43382926970915414,
  "learning_rate": 4.746993488437012,
  "adaptation_rate": 0.042080874796322776,
  "creativity_score": 1.0,
  "efficiency_score": 0.47469934879934916,
  "stability_score": 0,
  "error_count": 607080,
  "success_rate": 0,
  "neural_processing_success": 607081,
  "neural_processing_attempts": 1214161
}