{
  "system_start_time": "2025-09-25 16:58:00.900412",
  "total_cycles": 200,
  "real_learning_events": 152,
  "evolution_events": 42,
  "reinforcement_events": 110,
  "neural_processing_events": 0,
  "emergence_detected": 0,
  "intelligence_score": 0.6871749076776975,
  "learning_rate": 0.759422174652861,
  "adaptation_rate": 0.27631578947368424,
  "creativity_score": 1.0,
  "efficiency_score": 0.07594221101510594,
  "stability_score": 1.0
}