{
  "baseline": {
    "config": "baseline",
    "description": "Sem hooks (baseline)",
    "episodes": 10,
    "rewards": [
      42.04802796293831,
      53.46908030700868,
      15.369311952347376,
      35.632061783959486,
      22.074648766577482,
      60.557095651389616,
      41.201683094828695,
      63.50405394160968,
      95.80597421126889,
      96.8875365522701
    ],
    "avg_reward": 52.65494742241983,
    "best_reward": 96.8875365522701,
    "worst_reward": 15.369311952347376,
    "std_reward": 26.188124872236582
  },
  "phase1_only": {
    "config": "phase1_only",
    "description": "Apenas Phase 1 (G\u00f6del + Needle)",
    "episodes": 10,
    "rewards": [
      38.839407722165376,
      28.663921252291804,
      15.01838590136924,
      74.44581359287166,
      64.26893522268361,
      43.65536638155029,
      74.76697297929425,
      39.00076070869332,
      38.31377856616354,
      75.85293595136352
    ],
    "avg_reward": 49.28262782784465,
    "best_reward": 75.85293595136352,
    "worst_reward": 15.01838590136924,
    "std_reward": 20.442938016688238
  },
  "phase1_2": {
    "config": "phase1_2",
    "description": "Phase 1 + 2 (Scheduler)",
    "episodes": 10,
    "rewards": [
      33.45823301103079,
      41.623488290458624,
      62.85155632766161,
      25.081206830795736,
      63.709300378711724,
      25.09365179993835,
      63.46737744956944,
      17.381011425414506,
      19.29817623235497,
      64.3115517015861
    ],
    "avg_reward": 41.62755534475219,
    "best_reward": 64.3115517015861,
    "worst_reward": 17.381011425414506,
    "std_reward": 19.052529293612103
  },
  "all_phases": {
    "config": "all_phases",
    "description": "Todas phases ativas",
    "episodes": 10,
    "rewards": [
      19.56733517516117,
      28.807669298722463,
      10.970507426751126,
      41.379370449230336,
      61.51098109744303,
      95.9442320909815,
      49.28961536329648,
      79.75345560879211,
      57.07725960658413,
      93.84566672655083
    ],
    "avg_reward": 53.814609284351306,
    "best_reward": 95.9442320909815,
    "worst_reward": 10.970507426751126,
    "std_reward": 28.15855834881189
  }
}