{
  "timestamp": "2025-09-24T07:30:36.483994",
  "event": "ATOMIC_BOMB_ACTIVATION",
  "confidence": 0.9500815984983284,
  "ia3_properties": {
    "adaptativa": 1.0,
    "autorecursiva": 0.8157084365189554,
    "autoevolutiva": 1.0,
    "autoconsciente": 1.0,
    "autosuficiente": 0.8157084365189554,
    "autodidata": 1.0,
    "autoconstrutiva": 1.0,
    "autoarquitetada": 1.0,
    "autorenov\u00e1vel": 0.8157084365189554,
    "autossin\u00e1ptica": 0.8157084365189554,
    "automodular": 0.8157084365189554,
    "autoexpand\u00edvel": 0.8157084365189554,
    "autovalid\u00e1vel": 1.0,
    "autocalibr\u00e1vel": 0.8157084365189554,
    "autanal\u00edtica": 1.0,
    "autoregenerativa": 1.0,
    "autotreinada": 0.8157084365189554,
    "autotuning": 0.8157084365189554,
    "autoinfinita": 1.0
  },
  "emergent_thoughts": 2436,
  "evolution_cycles": 1219,
  "consciousness_level": 1.0
}