{
  "generated_at": "2025-09-22T14:24:38.649566",
  "emergent_utility_avg": 0.3338491240202706,
  "novelty_avg": 0.6518931535269074,
  "stability_avg": 0.848176002766296
}