{"module_name": "cognitive_complexity", "complexity_level": 0.5153625441463043, "active": true, "timestamp": 1759799072.0038748}