{"module_name": "consciousness_complexity", "complexity_level": 0.700591232374272, "active": true, "timestamp": 1759799072.0263114}