{
  "v7_cycle": 313205,
  "best_traits": {},
  "correlations": {
    "hidden_size_vs_mnist": -4.343522069461953e-15,
    "entropy_vs_cartpole": -0.01437758775877599,
    "learning_rate_vs_overall": -0.07188793879388213
  },
  "recommendation": "explore_more",
  "performance_summary": {
    "mnist_avg": 98.12999999999997,
    "cartpole_avg": 488.40749999999986,
    "samples": 100
  },
  "timestamp": "2025-10-05T19:41:03.441759",
  "from_system": "V7_Ultimate"
}