{
  "timestamp": "2025-09-21T23:24:19.679991Z",
  "delta_linf": 0.0752,
  "novelty": 0.0389,
  "oci": 0.6667,
  "ece": 0.02,
  "rho": 0.85,
  "I": 0.6042,
  "P": 0.0987,
  "caos_ratio": 1.0307692307692309,
  "caos_pre": [
    0.7,
    0.6,
    0.5,
    0.8
  ],
  "caos_post": [
    0.72,
    0.62,
    0.52,
    0.82
  ],
  "promote": true,
  "reason": "\u0394L\u221e=0.075>0, CAOS=1.031\u22651.0, I=0.604\u22650.60, P=0.099\u22650.01",
  "snapshot": "/root/worm/snapshot_darwin_ready_20250921_232419.tar.gz",
  "sha256": "214960c5c05669d0f57b863e7e11e99a05fa24539493d093fe029c2342b5b5a8"
}