{"module_name": "emergence_complexity", "complexity_level": 0.5036997140387178, "active": true, "timestamp": 1759799072.014654}