{
  "duration": 5.0204176902771,
  "generations": 100,
  "final_fitness": 1.0,
  "final_consciousness": 0.10000000000000007,
  "ia3_score": 0.23333333333333336,
  "emergence_achieved": false,
  "emergent_behaviors": 13,
  "thought_processes": 100
}