{
  "original": {
    "initial_size": 1000,
    "generations": [
      0,
      1,
      2,
      3,
      4,
      5,
      6,
      7,
      8,
      9,
      10,
      11,
      12,
      13,
      14,
      15,
      16,
      17,
      18,
      19
    ],
    "fitness_history": [
      0.5000032930374145,
      0.499,
      0.5000120335690775,
      0.49999629648446237,
      0.5031172069825436,
      0.5003279017908511,
      0.5000048551220748,
      0.49613601236476046,
      0.5001029590235401,
      0.4999960625628561,
      0.4961315280464217,
      0.49955341611422743,
      0.4999944384581123,
      0.5,
      0.4990851743654771,
      0.49998773630373483,
      0.5045317220543807,
      0.5001223285992941,
      0.4999916104957311,
      0.5055970149253731
    ],
    "survival_rates": [
      1.0,
      0.989,
      0.9009100101112234,
      0.9001122334455668,
      0.9937655860349127,
      0.9008782936010038,
      0.9011142061281338,
      0.9845440494590417,
      0.9010989010989011,
      0.9006968641114983,
      0.9864603481624759,
      0.9,
      0.9019607843137255,
      0.9830917874396136,
      0.9017199017199017,
      0.9019073569482289,
      0.9969788519637462,
      0.9,
      0.9023569023569024,
      0.996268656716418
    ],
    "ia3_performance": [
      0.0,
      0.0,
      0.0,
      0.0,
      0.0,
      0.0,
      0.0,
      0.0,
      0.0,
      0.0,
      0.0,
      0.0,
      0.0,
      0.0,
      0.0,
      0.0,
      0.0,
      0.0,
      0.0,
      0.0
    ],
    "final_size": 267,
    "final_fitness": 0.5055970149253731,
    "evolution_rate": 0.00029440641515571535
  },
  "ia3": {
    "initial_size": 1000,
    "generations": [
      0,
      1,
      2,
      3,
      4,
      5,
      6,
      7,
      8,
      9,
      10,
      11,
      12,
      13,
      14,
      15,
      16,
      17,
      18,
      19
    ],
    "fitness_history": [
      0.5000029785633087,
      0.5045,
      0.5000175159871578,
      0.5000101610628412,
      0.49949545913218973,
      0.4994811411462085,
      0.49999686169503915,
      0.49646107178968657,
      0.4995257839997449,
      0.5000003091538483,
      0.5020263424518744,
      0.5006519465159017,
      0.4999931052961891,
      0.49949290060851925,
      0.5000282041501806,
      0.5000011161196656,
      0.49949238578680205,
      0.5005595790855776,
      0.4999926965551328,
      0.5010152284263959
    ],
    "survival_rates": [
      1.0,
      1.0,
      0.994,
      0.9969818913480886,
      1.0,
      0.9989909182643795,
      0.998989898989899,
      1.0,
      0.9989888776541962,
      0.9989878542510121,
      1.0,
      0.9989868287740629,
      1.0,
      1.0,
      0.9989858012170385,
      1.0,
      1.0,
      1.0,
      1.0,
      1.0
    ],
    "ia3_performance": [
      1.0,
      1.0,
      1.0,
      1.0,
      1.0,
      1.0,
      1.0,
      1.0,
      1.0,
      1.0,
      1.0,
      1.0,
      1.0,
      1.0,
      1.0,
      1.0,
      1.0,
      1.0,
      1.0,
      1.0
    ],
    "final_size": 985,
    "final_fitness": 0.5010152284263959,
    "evolution_rate": 5.32763085835386e-05
  },
  "ia3_advantage_percent": -81.90382211768039,
  "conclusion": "Inconclusivo"
}