{
  "cycles": 10,
  "elapsed": 1.6595008373260498,
  "final_consciousness": 0.09,
  "final_performance": 0.3306496725681042,
  "emergence_events": 1
}