{"bridge_active": true, "intelligence_signals": [{"timestamp": 1759798948.567551, "system": "python3", "signal": 0.44362283930711466}], "emergence_level": 1.0, "timestamp": 1759799071.9607978}