{
  "cycles": 10,
  "elapsed": 0.17100024223327637,
  "final_performance": 2.1537604064941407,
  "final_consciousness": 0.1,
  "organs_active": 12
}