{
  "generation": 1,
  "timestamp": 1758552673.075047,
  "domain": "exp",
  "method": "AST",
  "metrics": {
    "RSI": 0.7001753339057123,
    "Sinergia": 0.6645311376457819,
    "OCI": 0.23356982092250117,
    "Novidade": 0.7593396254943984,
    "Instabilidade": 0.12731739901679132,
    "Custo": 0.27506498673654833,
    "Complexidade": 0.7313237790376974,
    "Estabilidade": 0.7779479510907563,
    "ECE": 0.0030677514432989497,
    "rho_bias": 1.0555482034517487,
    "drift": 0.03825472571135785,
    "regret": 0.040393297350789746,
    "FP_rate": 0.023866084442193708
  },
  "l_inf": 0.7151698399840728,
  "et_omega": 0.8282584254502088,
  "state": {
    "fitness": 0.2400963516591072,
    "complexity": 0.03357193469701547,
    "stability": 0.5933125046345645,
    "domain_health": {
      "core": 1.0,
      "io": 1.0,
      "compute": 1.0,
      "network": 1.0,
      "security": 1.0,
      "exp": 1.0
    }
  }
}