{"module_name": "neural_complexity", "complexity_level": 0.9394091423451487, "active": true, "timestamp": 1759799071.9870012}