{
  "(1, 1, 4, 9, 9, 1, 9, 1, 9, 4)": [
    0.0,
    0.0,
    0.0,
    0.0,
    0.0
  ],
  "(2, 1, 4, 9, 9, 1, 9, 1, 9, 4)": [
    0.0,
    0.0,
    0.0,
    0.0,
    0.0
  ],
  "(1, 1, 4, 9, 9, 0, 9, 1, 9, 4)": [
    0.009500000000000001,
    -0.05,
    0.0,
    0.0,
    0.0
  ],
  "(0, 1, 4, 9, 9, 0, 9, 1, 9, 4)": [
    0.0,
    0.0,
    0.0,
    0.0,
    0.0
  ],
  "(2, 1, 4, 9, 9, 0, 9, 1, 9, 4)": [
    0.09,
    0.0,
    0.0,
    0.0,
    0.0
  ],
  "(3, 1, 4, 9, 9, 0, 9, 1, 9, 4)": [
    0.0,
    0.0,
    0.0,
    0.0,
    0.139775
  ],
  "(6, 2, 4, 9, 9, 0, 9, 7, 9, 4)": [
    0.0,
    0.0,
    0.0,
    0.0,
    0.0
  ]
}