{
  "timestamp": "2025-10-07T01:04:45.513708",
  "destruction_depth": 1000,
  "reconstruction_count": 0,
  "intelligence_level": 0.9970000000000008,
  "consciousness_level": 0.836877693143611,
  "transcendence_potential": 0.1352672406680392
}