{
  "cycle": 40,
  "timestamp": "2025-09-30T22:30:41.795554",
  "hyperparameters": {
    "learning_rate": 0.03693770106515916,
    "population_size": 39,
    "mutation_rate": 0.069327435069707,
    "exploration_rate": 0.1,
    "architecture_complexity": 1.1592740743,
    "oracle_frequency": 3
  },
  "stats": {
    "oracle_queries": 10,
    "modifications_executed": 25,
    "emergences_detected": 0,
    "adaptations_completed": 40
  },
  "consciousness": 0.07932857817466521,
  "awareness": 0.4000000000000002,
  "neurons_grown": 13,
  "dna_generation": 40
}