{
  "cycle": 30,
  "timestamp": "2025-09-30T22:26:58.921058",
  "hyperparameters": {
    "learning_rate": 0.021119250468749996,
    "population_size": 27,
    "mutation_rate": 0.08511590312499999,
    "exploration_rate": 0.1,
    "architecture_complexity": 1.092727,
    "oracle_frequency": 3
  },
  "stats": {
    "oracle_queries": 6,
    "modifications_executed": 15,
    "emergences_detected": 0,
    "adaptations_completed": 30
  },
  "consciousness": 0.06260998492614621,
  "awareness": 0.3000000000000001,
  "neurons_grown": 9,
  "dna_generation": 30
}