{
  "total_analyzed": 752,
  "unique_survivors": 497,
  "survival_patterns": {
    "total_survivors": 752,
    "by_source": {
      "original_246": 246,
      "balanced_252": 252,
      "checkpoint_254": 254
    },
    "by_gender": {
      "female": 387,
      "male": 365
    },
    "by_hemisphere": {
      "left": 398,
      "right": 354
    },
    "fitness_stats": {
      "mean": 0.6706086780319617,
      "std": 0.10240156493749936,
      "min": 0.4511672187732659,
      "max": 1.0,
      "median": 0.6240590773413155
    },
    "emergent_frequency": {
      "high_fitness": 168,
      "continuous_evolution": 377,
      "task_master": 242,
      "balanced_mind": 80,
      "darwin_resistant": 252
    },
    "common_traits": [
      "continuous_evolution"
    ],
    "genetic_markers": "set()",
    "age_stats": {
      "mean": 5.906914893617022,
      "max": "13"
    },
    "darwin_stats": {
      "mean_survivals": 3.421542553191489,
      "max_survivals": "10"
    }
  },
  "survival_genes": {
    "fitness_threshold": 0.5859193724760898,
    "required_traits": "set()",
    "optimal_scores": {
      "logic": 0.8475048230504231,
      "creativity": 0.8192626021036605,
      "fitness": 0.8375288194256594
    },
    "survival_formula": {
      "min_fitness": 0.5859193724760898,
      "balance_factor": 0.7,
      "task_performance": 0.7,
      "evolution_rate": 0.01,
      "max_stagnation": 3
    },
    "genetic_code": "b34cd8fd2124810b"
  },
  "survivors_list": [
    "neuron_00209",
    "neuron_00038",
    "neuron_00056",
    "neuron_00032",
    "neuron_00181",
    "neuron_00190",
    "neuron_g36_hidden_046",
    "api_mistral_ia3_neurons_600_updated_20250924_160347_0024",
    "api_xai_ia3_neurons_600_updated_20250924_153515_0086",
    "api_deepseek_ia3_neurons_600_updated_20250924_160347_0057",
    "api_mistral_ia3_neurons_600_updated_20250924_153515_0081",
    "api_mistral_ia3_neurons_600_updated_20250924_160347_0038",
    "api_gemini_ia3_neurons_20250924_141200_0079",
    "api_xai_ia3_neurons_600_updated_20250924_160347_0060",
    "api_mistral_ia3_neurons_600_updated_20250924_153515_0025",
    "api_anthropic_ia3_neurons_600_updated_20250924_153515_0029",
    "api_deepseek_ia3_neurons_20250924_141200_0043",
    "api_mistral_ia3_neurons_600_updated_20250924_152623_0004",
    "api_mistral_ia3_neurons_20250924_141200_0053",
    "api_xai_ia3_neurons_600_updated_20250924_162652_0061",
    "api_deepseek_ia3_neurons_600_updated_20250924_160347_0069",
    "api_gemini_ia3_neurons_20250924_141200_0078",
    "api_gemini_ia3_neurons_20250924_141200_0049",
    "api_mistral_ia3_neurons_20250924_141200_0073",
    "api_deepseek_ia3_neurons_600_updated_20250924_162652_0015",
    "api_openai_ia3_neurons_600_updated_20250924_162652_0029",
    "api_deepseek_ia3_neurons_20250924_141200_0032",
    "api_openai_ia3_neurons_600_updated_20250924_162652_0048",
    "gen1_child_2417",
    "gen1_child_2451",
    "gen1_child_2519",
    "gen2_child_2671",
    "gen3_child_2801",
    "gen3_child_2863",
    "gen4_child_3055",
    "gen5_child_3230",
    "gen6_child_3412",
    "gen6_child_3495",
    "gen7_child_3683",
    "gen7_child_3734",
    "gen8_child_3785",
    "gen8_child_3804",
    "gen8_child_3888",
    "gen10_child_4415",
    "gen11_child_4675",
    "gen11_child_4795",
    "gen12_child_4913",
    "gen12_child_4949",
    "gen12_child_4952",
    "gen13_child_5160",
    "gen13_child_5223",
    "gen13_child_5226",
    "gen13_child_5314",
    "gen13_child_5346",
    "gen14_child_5477",
    "gen14_child_5521",
    "gen14_child_5668",
    "gen15_child_5958",
    "gen16_child_6076",
    "gen16_child_6130",
    "gen17_child_6499",
    "gen17_child_6601",
    "gen17_child_6688",
    "gen17_child_6738",
    "gen18_child_6843",
    "gen18_child_6926",
    "gen18_child_7148",
    "gen18_child_7164",
    "gen19_child_7177",
    "gen19_child_7382",
    "gen19_child_7426",
    "gen19_child_7546",
    "gen20_child_7684",
    "gen20_child_7762",
    "gen20_child_7785",
    "gen20_child_7799",
    "gen20_child_7810",
    "gen20_child_7925",
    "gen20_child_8030",
    "gen21_child_8043",
    "gen21_child_8255",
    "gen21_child_8282",
    "gen21_child_8387",
    "gen21_child_8406",
    "gen22_child_8534",
    "gen22_child_8608",
    "gen22_child_8767",
    "gen22_child_8814",
    "gen22_child_8831",
    "gen23_child_9072",
    "gen23_child_9128",
    "gen23_child_9175",
    "gen23_child_9326",
    "gen23_child_9371",
    "gen23_child_9472",
    "gen24_child_9726",
    "gen24_child_9778",
    "gen24_child_9847",
    "gen24_child_9855",
    "gen24_child_9901"
  ]
}