{
  "timestamp": "2025-09-24T03:58:00.662843",
  "cycle": 610,
  "delta_linf": 0.12,
  "caos_ratio": 1.0722593094578232,
  "I": 0.23382631578947372,
  "P": 0.0,
  "novelty": 0.0,
  "system_health": 0.502,
  "ia3_score": 0.4657894736842106,
  "active_agents": 10,
  "emergence_count": 0
}