{"skills": [{"y": -4.839403477998432, "x": -0.9369381637767553}]}