{
  "operational": {
    "cycle": 99,
    "best_mnist": 99.0,
    "best_cartpole": 500.0,
    "ia3_score": 70.0
  },
  "meta": {
    "master_I": 0.01714480475438352,
    "consciousness": 0.01714480475438352,
    "omega": 0.0,
    "caos": 1.1463384249214805,
    "linf": 2.996995475236493e-06,
    "sigma_valid": true
  },
  "synergies": []
}