{
  "neuron_activation_threshold": 0.004835865578700801,
  "learning_rate": 0.17218688399999998,
  "top_k": 192,
  "num_steps": 8,
  "attention_heads": 12
}